ringmember_age_blocks,freq
11,602527
12,518025
13,445400
14,412056
15,393635
16,375685
17,366561
21,351928
18,351724
19,340293
22,338359
20,334500
23,319529
24,306336
25,297641
26,287888
27,280173
28,273512
29,264396
30,259834
31,252550
32,244314
33,241553
34,235452
35,231087
36,224587
37,220621
38,215597
39,209964
40,205269
41,202760
42,198076
43,192415
44,189798
45,185005
46,183621
47,178807
48,176864
49,173263
50,170932
51,168942
52,165522
53,162398
54,161860
10,159493
55,158657
56,156530
57,152942
58,152143
61,151992
59,150646
60,150005
62,149847
63,149426
64,146407
65,144799
66,144048
67,141630
68,141228
69,138116
70,135946
71,134541
72,133020
73,132118
74,130118
75,129072
77,127734
76,126878
78,124591
79,123418
80,122932
81,120954
82,119607
83,119544
84,118348
85,115910
86,115156
87,114877
88,113644
89,112758
90,111446
92,110017
91,110007
93,108400
94,106932
95,106278
96,105856
97,104672
98,103862
99,102559
100,102175
101,101405
102,101066
103,100296
104,99301
105,98208
107,97465
106,97443
108,96226
109,95582
110,95006
111,94351
112,93472
113,93267
114,92197
115,91772
116,90545
117,90425
118,89665
119,89173
121,88120
120,87879
122,87122
123,87060
124,85893
125,85651
126,85207
127,84666
128,84167
129,83338
131,83197
130,83007
132,81893
134,81346
133,80904
135,80762
136,80228
137,80164
138,79330
139,78505
140,78427
141,77569
142,76919
143,76902
145,76106
146,75919
144,75662
147,75208
148,74616
149,74575
150,74106
151,73380
153,73201
152,72615
154,72377
155,72248
158,71843
156,71482
157,71431
159,70497
161,70451
160,69881
162,69135
163,69076
165,68779
166,68655
164,68403
167,67864
169,67598
168,67355
170,66422
171,66082
173,65765
172,65722
174,65174
176,65023
175,64647
177,64395
179,63711
178,63580
180,63166
181,63140
182,62810
183,62452
185,62098
184,62043
186,61056
187,60907
189,60606
190,60501
191,60334
188,60206
192,59544
193,59506
194,59327
196,58839
195,58490
197,58343
198,58133
199,58088
201,57917
200,57667
202,57315
205,57019
204,56932
203,56893
206,56579
207,56024
210,55695
209,55509
208,55275
211,55121
212,54979
213,54949
214,54687
215,54535
216,53893
217,53635
220,53300
218,53247
221,52905
219,52897
226,52401
224,52380
223,52259
222,52238
227,51920
225,51760
228,51379
229,51363
232,50939
230,50676
231,50654
233,50560
236,50519
234,50436
235,50004
237,49932
238,49712
240,49623
239,49507
241,49087
242,48855
243,48818
244,48665
246,48153
245,48091
248,47865
247,47839
249,47585
250,47339
253,47323
251,47205
252,47116
256,46871
255,46665
254,46612
258,46468
263,46372
257,46327
259,46215
260,46181
261,45978
262,45836
265,45469
266,44987
268,44846
264,44819
269,44786
267,44721
270,44642
271,44346
273,44135
275,43990
274,43974
277,43826
272,43820
278,43549
276,43466
279,43237
281,42723
282,42591
280,42560
285,42283
283,42212
287,42050
286,41963
284,41839
288,41836
289,41783
293,41414
290,41412
294,41388
292,41384
291,41136
296,41110
295,41105
298,40694
297,40508
299,40471
301,40300
302,40294
300,40176
303,39872
306,39658
310,39640
305,39613
304,39592
309,39564
308,39278
307,39226
312,39157
316,39108
311,38950
315,38904
314,38813
313,38758
317,38543
318,38359
320,38229
323,38165
319,38119
324,38044
322,37898
321,37856
325,37712
326,37440
327,37422
332,37312
328,37218
329,37173
331,37035
330,36987
335,36891
333,36646
334,36421
336,36383
337,36306
340,36105
339,36059
342,36037
338,35963
341,35937
344,35891
348,35619
343,35561
346,35514
345,35503
350,35319
349,35219
347,35092
354,35087
351,35072
353,34730
356,34650
352,34643
360,34543
355,34528
358,34404
357,34361
359,34333
361,34297
362,34139
365,34002
364,33989
366,33953
363,33661
370,33410
372,33377
367,33371
374,33236
369,33230
368,33147
373,33138
375,33099
376,33092
371,33037
378,32842
380,32745
377,32627
379,32513
381,32473
382,32295
383,32242
388,32044
385,31942
394,31923
389,31874
391,31849
386,31848
384,31799
392,31690
387,31627
390,31598
396,31511
393,31492
395,31372
397,31180
403,31169
399,31076
398,31042
400,31035
404,30913
408,30678
409,30616
401,30566
405,30509
406,30427
410,30283
402,30257
407,30238
414,30039
412,29934
413,29832
415,29819
411,29771
416,29695
418,29672
420,29636
421,29489
423,29473
417,29409
422,29269
427,29268
425,29262
426,29254
419,29097
424,28949
431,28945
428,28867
430,28728
432,28572
436,28534
429,28522
434,28505
435,28483
437,28401
433,28371
440,28303
438,28289
443,28254
441,28227
439,28196
446,28101
442,28007
452,27980
444,27967
449,27933
453,27752
450,27686
445,27682
451,27590
454,27568
448,27560
447,27537
455,27420
458,27397
459,27282
463,27177
457,27125
456,27111
460,26986
461,26950
464,26893
462,26870
468,26866
467,26804
470,26741
466,26698
465,26432
473,26385
471,26350
476,26339
472,26310
469,26253
474,26057
475,26013
477,26003
479,25958
480,25918
482,25889
481,25878
478,25859
483,25794
484,25728
485,25584
497,25492
492,25477
488,25407
496,25333
486,25298
490,25278
487,25249
489,25236
505,25179
493,25158
501,25152
499,25120
495,25118
498,25025
491,24963
494,24945
502,24888
504,24852
510,24799
508,24796
503,24794
500,24761
507,24709
511,24671
509,24484
506,24461
519,24439
514,24433
513,24238
515,24229
516,24114
517,24088
512,24080
522,24032
518,24010
521,23950
520,23946
523,23871
533,23802
528,23799
529,23665
534,23638
527,23624
524,23598
541,23592
532,23542
526,23503
525,23501
542,23495
538,23456
539,23390
537,23390
530,23349
536,23221
544,23201
535,23200
540,23198
531,23173
549,23164
550,23105
543,23085
546,23054
553,22772
545,22766
552,22686
555,22684
564,22678
551,22674
548,22671
562,22654
566,22633
547,22617
557,22598
558,22587
554,22488
565,22465
563,22430
561,22408
556,22397
572,22229
569,22220
559,22174
568,22143
560,22104
570,22102
567,22027
575,21951
578,21949
571,21931
576,21817
582,21788
574,21698
573,21661
580,21604
586,21579
579,21561
577,21559
587,21530
590,21513
584,21509
583,21503
581,21481
588,21430
595,21364
589,21306
599,21278
593,21266
585,21254
592,21239
594,21161
591,21159
596,21157
598,21089
597,21017
601,20987
608,20951
602,20852
604,20829
609,20822
615,20795
600,20786
603,20732
607,20724
612,20654
616,20652
614,20642
605,20630
620,20597
622,20473
606,20472
618,20426
611,20400
631,20354
613,20328
619,20322
623,20292
610,20259
624,20228
621,20225
629,20216
617,20198
630,20186
632,20161
625,20100
628,20085
626,20026
627,20010
644,19990
635,19981
634,19951
641,19886
638,19867
640,19782
633,19770
645,19745
637,19710
636,19676
647,19664
649,19635
646,19633
639,19629
643,19601
642,19552
650,19514
652,19494
654,19460
663,19358
648,19344
666,19339
659,19332
662,19322
664,19320
653,19290
660,19243
658,19225
651,19217
656,19143
670,19107
678,19106
655,19104
657,19093
671,19055
661,19006
668,18995
665,18979
687,18955
674,18945
672,18891
679,18880
675,18880
692,18875
676,18874
673,18837
667,18804
680,18797
677,18775
688,18770
685,18718
693,18696
669,18678
681,18668
686,18654
696,18651
709,18613
684,18607
712,18594
699,18587
689,18584
705,18579
694,18576
717,18548
703,18544
691,18541
683,18533
700,18503
716,18498
690,18473
682,18467
701,18425
697,18408
704,18371
702,18360
698,18312
714,18307
710,18298
695,18297
711,18247
707,18214
718,18211
708,18210
724,18208
713,18199
721,18118
722,18053
723,17983
719,17981
720,17971
706,17956
727,17947
715,17909
729,17885
733,17827
736,17817
728,17754
734,17692
730,17690
726,17660
737,17654
725,17639
732,17637
731,17528
740,17469
746,17434
744,17412
735,17389
749,17292
738,17263
748,17223
743,17216
741,17208
739,17204
742,17189
745,17163
747,17066
756,16967
765,16933
758,16922
750,16799
755,16799
754,16769
752,16738
757,16657
763,16607
762,16586
761,16552
751,16504
759,16467
753,16457
760,16416
764,16415
767,16403
771,16377
766,16347
770,16292
768,16241
772,16198
780,16182
773,16167
774,16148
783,16144
769,16105
776,16081
781,16044
784,16020
778,16018
775,16007
782,15951
779,15929
786,15927
787,15902
788,15839
793,15811
790,15792
789,15770
777,15766
791,15761
794,15760
798,15759
799,15752
795,15746
785,15661
792,15582
797,15581
807,15527
804,15525
800,15518
809,15507
810,15457
811,15417
801,15413
808,15413
796,15361
803,15354
814,15346
806,15338
805,15329
802,15311
815,15279
820,15241
813,15227
818,15204
817,15120
829,15043
823,15030
812,15029
819,15027
828,14957
833,14952
816,14941
822,14923
837,14898
827,14889
824,14851
832,14834
821,14788
841,14777
826,14768
825,14755
830,14712
836,14680
849,14677
831,14665
834,14650
835,14641
845,14597
842,14585
846,14564
839,14558
848,14545
838,14533
851,14507
840,14479
857,14470
844,14452
853,14449
852,14436
843,14431
854,14424
847,14417
855,14385
862,14335
850,14322
859,14296
856,14280
858,14274
860,14239
863,14224
870,14219
866,14205
873,14157
875,14153
865,14125
877,14093
878,14092
864,14087
861,14087
869,14083
867,13997
871,13983
881,13977
884,13932
868,13923
874,13911
872,13902
880,13899
887,13888
876,13881
882,13860
879,13804
886,13803
883,13802
888,13793
885,13765
890,13716
893,13713
892,13707
895,13689
902,13614
905,13594
903,13580
889,13575
894,13545
891,13544
899,13535
901,13527
898,13523
896,13518
897,13514
900,13493
921,13431
906,13403
908,13380
909,13380
907,13367
904,13351
910,13342
916,13340
917,13326
912,13320
922,13290
913,13282
924,13274
919,13259
918,13204
920,13191
911,13176
925,13168
926,13166
930,13153
928,13121
914,13121
933,13087
915,13082
934,13055
923,13053
931,13045
927,13005
929,12993
940,12982
939,12963
941,12929
936,12924
935,12917
944,12889
942,12884
947,12875
951,12861
956,12850
943,12818
938,12775
945,12758
946,12734
957,12718
932,12702
953,12690
965,12685
937,12684
950,12679
954,12676
966,12652
968,12648
959,12629
948,12618
977,12551
963,12549
974,12537
952,12502
960,12501
958,12482
949,12479
972,12478
962,12469
969,12459
955,12450
973,12448
964,12424
975,12422
971,12405
961,12372
978,12351
967,12329
976,12304
979,12291
984,12284
981,12262
970,12251
982,12246
992,12202
995,12197
983,12173
1001,12172
991,12171
987,12141
994,12127
989,12121
986,12119
980,12107
1005,12061
985,12052
1004,12032
1002,12020
1011,12019
993,12017
996,12017
990,12001
999,11982
1000,11969
998,11966
1010,11960
1008,11958
988,11954
1021,11920
1009,11916
1016,11903
1022,11894
1006,11876
1003,11866
1013,11839
1007,11833
1031,11816
997,11810
1020,11809
1034,11789
1014,11760
1012,11758
1019,11749
1018,11741
1023,11737
1024,11714
1017,11709
1025,11698
1040,11686
1027,11682
1029,11670
1038,11666
1028,11662
1015,11653
1037,11648
1033,11640
1039,11610
1043,11590
1026,11572
1032,11560
1030,11559
1047,11541
1036,11514
1051,11512
1048,11496
1041,11476
1052,11470
1050,11447
1045,11435
1057,11427
1049,11427
1046,11410
1054,11393
1053,11393
1044,11390
1035,11379
1060,11371
1062,11355
1055,11346
1042,11338
1058,11281
1068,11275
1065,11263
1075,11261
1063,11258
1059,11257
1071,11244
1066,11205
1056,11203
1064,11199
1096,11196
1079,11194
1061,11190
1077,11188
1074,11179
1072,11161
1070,11143
1073,11133
1076,11130
1078,11107
1080,11089
1084,11067
1083,11058
1067,11042
1069,11033
1085,11018
1100,11017
1091,11011
1081,11001
1088,10974
1089,10960
1098,10947
1090,10925
1099,10864
1087,10860
1108,10853
1094,10852
1097,10848
1112,10833
1107,10815
1102,10815
1092,10801
1131,10770
1082,10756
1086,10744
1093,10713
1104,10702
1128,10695
1114,10683
1095,10677
1120,10666
1116,10662
1122,10661
1113,10657
1124,10657
1132,10625
1115,10618
1103,10615
1105,10614
1111,10613
1101,10603
1139,10566
1110,10564
1123,10560
1106,10557
1117,10555
1109,10554
1127,10540
1118,10522
1119,10505
1121,10503
1135,10490
1143,10479
1140,10470
1138,10469
1146,10468
1129,10467
1125,10465
1133,10451
1145,10438
1149,10429
1134,10427
1150,10419
1159,10412
1137,10411
1126,10404
1154,10381
1148,10373
1162,10371
1141,10367
1157,10355
1130,10353
1144,10348
1136,10341
1142,10340
1151,10339
1158,10303
1156,10296
1152,10291
1147,10290
1153,10285
1168,10284
1155,10264
1160,10264
1165,10262
1161,10248
1173,10248
1177,10214
1178,10197
1163,10172
1181,10172
1179,10166
1186,10149
1174,10125
1167,10115
1164,10111
1185,10111
1199,10110
1166,10107
1169,10098
1180,10094
1172,10085
1183,10076
1175,10060
1176,10035
1170,10035
1193,10013
1190,10001
1196,9994
1197,9974
1189,9966
1204,9960
1200,9956
1209,9954
1203,9946
1187,9942
1182,9942
1205,9936
1201,9918
1192,9913
1184,9902
1191,9893
1195,9891
1214,9876
1171,9870
1206,9868
1212,9865
1194,9855
1198,9852
1221,9848
1188,9831
1202,9807
1213,9799
1208,9795
1227,9776
1215,9764
1220,9759
1216,9750
1219,9737
1210,9735
1223,9724
1222,9705
1233,9701
1218,9694
1224,9676
1211,9674
1239,9649
1225,9640
1262,9632
1207,9631
1217,9605
1250,9604
1230,9603
1228,9589
1235,9587
1243,9587
1232,9581
1254,9560
1247,9555
1229,9550
1258,9546
1275,9530
1240,9528
1242,9519
1251,9516
1234,9512
1261,9511
1249,9506
1241,9506
1236,9504
1231,9502
1237,9502
1252,9493
1248,9489
1226,9482
1245,9463
1259,9457
1257,9426
1260,9425
1268,9419
1244,9398
1255,9390
1246,9389
1269,9379
1282,9367
1253,9364
1267,9356
1270,9327
1264,9318
1238,9313
1256,9308
1276,9305
1283,9303
1279,9296
1266,9290
1280,9289
1296,9274
1263,9263
1272,9251
1271,9244
1274,9243
1307,9237
1288,9235
1294,9228
1291,9223
1286,9216
1278,9210
1285,9197
1287,9195
1265,9165
1281,9165
1301,9148
1299,9134
1290,9114
1293,9109
1284,9109
1302,9106
1312,9094
1305,9091
1273,9090
1277,9081
1298,9078
1320,9061
1310,9045
1317,9043
1325,9043
1295,9040
1289,9039
1318,9036
1304,9036
1300,9024
1315,9019
1309,9014
1329,9005
1303,8999
1314,8996
1324,8995
1321,8988
1292,8984
1335,8971
1319,8946
1297,8937
1328,8934
1316,8932
1313,8916
1311,8904
1344,8897
1370,8893
1326,8880
1323,8866
1352,8862
1330,8862
1332,8853
1306,8847
1333,8843
1340,8841
1327,8826
1398,8803
1351,8798
1341,8796
1348,8789
1334,8782
1322,8779
1366,8776
1350,8776
1338,8776
1342,8775
1369,8772
1308,8770
1361,8762
1343,8760
1364,8758
1339,8756
1331,8755
1355,8736
1358,8730
1360,8728
1346,8728
1362,8719
1363,8717
1385,8707
1354,8702
1384,8695
1367,8689
1347,8681
1368,8671
1337,8669
1345,8668
1349,8662
1399,8653
1375,8652
1357,8648
1353,8636
1381,8632
1373,8631
1383,8629
1378,8615
1336,8612
1388,8584
1382,8558
1359,8553
1393,8544
1392,8540
1371,8538
1386,8537
1372,8536
1380,8511
1394,8495
1374,8478
1356,8473
1387,8465
1390,8460
1379,8460
1391,8456
1400,8450
1365,8450
1395,8440
1396,8440
1397,8434
1376,8382
1377,8344
1389,8308
